/*
 Navicat Premium Data Transfer

 Source Server         : localdata
 Source Server Type    : MySQL
 Source Server Version : 100140
 Source Host           : localhost:3306
 Source Schema         : vismon

 Target Server Type    : MySQL
 Target Server Version : 100140
 File Encoding         : 65001

 Date: 11/07/2023 19:12:46
*/

SET NAMES utf8mb4;
SET FOREIGN_KEY_CHECKS = 0;

-- ----------------------------
-- Table structure for filepath_001
-- ----------------------------
DROP TABLE IF EXISTS `filepath_001`;
CREATE TABLE `filepath_001`  (
  `filepathid` int(10) NOT NULL AUTO_INCREMENT,
  `filepathname` text CHARACTER SET latin1 COLLATE latin1_general_ci NULL,
  `pathactive` varchar(1) CHARACTER SET latin1 COLLATE latin1_general_ci NULL DEFAULT NULL,
  `date` timestamp(0) NULL DEFAULT CURRENT_TIMESTAMP ON UPDATE CURRENT_TIMESTAMP(0),
  PRIMARY KEY (`filepathid`) USING BTREE
) ENGINE = MyISAM AUTO_INCREMENT = 2 CHARACTER SET = latin1 COLLATE = latin1_general_ci ROW_FORMAT = Dynamic;

-- ----------------------------
-- Records of filepath_001
-- ----------------------------
INSERT INTO `filepath_001` VALUES (1, 'D:\\New folder', 'Y', '2022-03-16 11:44:52');

-- ----------------------------
-- Table structure for travel_agency_detail001
-- ----------------------------
DROP TABLE IF EXISTS `travel_agency_detail001`;
CREATE TABLE `travel_agency_detail001`  (
  `travid` int(10) NOT NULL AUTO_INCREMENT,
  `headerlogo` longblob NULL,
  `detail1` text CHARACTER SET latin1 COLLATE latin1_swedish_ci NULL,
  `detail2` text CHARACTER SET latin1 COLLATE latin1_swedish_ci NULL,
  `note` text CHARACTER SET latin1 COLLATE latin1_swedish_ci NULL,
  `notedbysig` longblob NULL,
  `notedby` text CHARACTER SET latin1 COLLATE latin1_swedish_ci NULL,
  `active` int(1) NULL DEFAULT NULL,
  `dtmp` timestamp(0) NULL DEFAULT CURRENT_TIMESTAMP ON UPDATE CURRENT_TIMESTAMP(0),
  PRIMARY KEY (`travid`) USING BTREE
) ENGINE = InnoDB AUTO_INCREMENT = 2 CHARACTER SET = latin1 COLLATE = latin1_swedish_ci ROW_FORMAT = Compact;

-- ----------------------------
-- Records of travel_agency_detail001
-- ----------------------------
INSERT INTO `travel_agency_detail001` VALUES (1, 0xFFD8FFE000104A46494600010101006000600000FFDB004300080606070605080707070909080A0C140D0C0B0B0C1912130F141D1A1F1E1D1A1C1C20242E2720222C231C1C2837292C30313434341F27393D38323C2E333432FFDB0043010909090C0B0C180D0D1832211C213232323232323232323232323232323232323232323232323232323232323232323232323232323232323232323232323232FFC000110800DA025803012200021101031101FFC4001F0000010501010101010100000000000000000102030405060708090A0BFFC400B5100002010303020403050504040000017D01020300041105122131410613516107227114328191A1082342B1C11552D1F02433627282090A161718191A25262728292A3435363738393A434445464748494A535455565758595A636465666768696A737475767778797A838485868788898A92939495969798999AA2A3A4A5A6A7A8A9AAB2B3B4B5B6B7B8B9BAC2C3C4C5C6C7C8C9CAD2D3D4D5D6D7D8D9DAE1E2E3E4E5E6E7E8E9EAF1F2F3F4F5F6F7F8F9FAFFC4001F0100030101010101010101010000000000000102030405060708090A0BFFC400B51100020102040403040705040400010277000102031104052131061241510761711322328108144291A1B1C109233352F0156272D10A162434E125F11718191A262728292A35363738393A434445464748494A535455565758595A636465666768696A737475767778797A82838485868788898A92939495969798999AA2A3A4A5A6A7A8A9AAB2B3B4B5B6B7B8B9BAC2C3C4C5C6C7C8C9CAD2D3D4D5D6D7D8D9DAE2E3E4E5E6E7E8E9EAF2F3F4F5F6F7F8F9FAFFDA000C03010002110311003F00F7FA28A2800A28A2800A28A2800A28A2800A28A2800A28A2800A28A2800A28A2801B9E68C8AAF77731DA5BC93CA7E541D3B9F6AC7696F2E23135CDD2D946C32A8BF7C0FAD6352B28BB14A2D9D06452E6B9E8CDE28CDA6A4B74C064C53753F88AD3D3AF92FADCBA82ACA4ABA9EAA7D2942BA93B038B45DA5A4A5AD89168A28A60145145001451450014514500145145001451450014514500145145001451450014514500145145001451450014514500145145001451450014514500145145001451450014514500145145001451450014514500145145001451450014514500145145001451450014514500145145001451450014514500145145001451450014D34EA6B7AD0019C0EB51BCE910FDE3AA7FBC7154B55BB92D6155840334AE234F627BFE15942D11A668D63379723FD648E4ED53E82B9AA5669D917185F5658D56E22BAB9B3B74915D0B991829CFDD1915122F989F699504B2CADF2071F2A8A1E09EC834ED650E00C12A7919EB4DD3EE2D66B35B79DFCBC1CA367008CF0735C4EEEA7BC6A9251D07CD6F98A4758D61B9839DD1F00FB53B4FB954D56462CA8B3C0B2104E3E6E94977736F6B692470C82799C1C9CE78F5A8A0B292F6D61616F09555C2B3668D549728D72B8EA74293C521C248AC7B806A453935CC9B38229045776E21663849A363806B4B4AB8984D3D9DC36F9613C3FF00794F4AECA759B769194A16D8D6A5A4A5AEA330A28A2800A28A2800A28A2800A28A2800A28A2800A28A2800A28A2800A28A2800A28A2800A28A2800A28A2800A28A2800A28A2800A28A2800A28A2800A28A2800A28A2800A28A2800A28A2800A28A2800A28A2800A28A2800A28A2800A28A2800A28A2800A28A2800A28A2800A28A2800A28A2800A28A2800A28A2800A28A2800A434B4868031B56C7F6869C3BEF6C7E54FD180F2A738E4CA699AB7FC84B4DFF7DBF954367706DAC266450D234DB100EE4D79F7B557736B7B85DD46EE382164C6F95948118E491EFED55B4BB7865D26013C68719E0F6E6A96A13B69C12DE21E6DF5C72D21E71EB8F4AA1058C4D6C925D5F489B89DB1C6C7D79E2B0A95D7B5D115183E53A3B8B6B68AC6E3C9890650F4EFC543A0DEC3358C308F92445DBB08C703D2B10D844D0C9F65D466DCAA59A39320E3E956B47B84D454D9DCC7E5CF12868E45E0E3B106942BFEF5683705CA6C6B481B4D76C64AE0AD55B439D751F1CB5AFCDCFB8A4B99E46D36F2DE720CB0E06EFEF03D0D163FF2198877FB20FE62BA2524EAA642F859BBDA9D49DA8AEF5B188B45145300A28A2800A28A2800A28A2800A28A2800A28A2800A28A2800A28A2800A28A2800A28A2800A28A2800A28A2800A28A2800A28A2800A28A2800A28A2800A28A2800A28A2800A28A2800A28A2800A28A2800A28A2800A28A2800A28A2800A28A2800A28A2800A28A2800A28A2800A28A2800A28A2800A28A2800A28A4CD002D21A33484D00636ADFF213D37FDE7FE42AAC4AE20370ABB843705997BE08E6AE6ABFF214D33FDE7FE42A3D2E611F9CB22611A5C2B7635E6C97EF5DCD97C053D6ADA499E1D52C8890AAED233DAB361BCD3A486159E4782E2124ABAAE79CD6E6A0B0DAEF6B698A4CDD625E41FA8ED55F4ED316FADE37BA58FCB5390A839273DCD7354A52954F74D6134A1A99B25F69FBE4904B25CDCBA6C048C6D157341B596279352BD3B176ED50D8E9EB53DE69E9A75BCFE55B23C2CA70401BA3CFBFA53B4BD97B6F0BDC3A858D70B067D3B907AD28526AA2E7E8129A71D075C2BCD657978EA53CC00203FDDF5A7D87FC8690FF00D3A0FE62A6D4A76974F9BCA898A05FBFD8F355F4EFF90DA9CFFCBA0FE62BADAB54464BE166F8E94B40A2BD05B188B452519A602D1499A5A0028A28A0028A28A0028A28A0028A28A0028A28A0028A28A0028A28A0028A28A0028A28A0028A28A0028A28A0028A28A0028A28A0028A28A0028A28A0028A28A0028A28A0028A28A0028A28A0028A28A0028A28A0028A28A0028A28A0028A28A0028A28A0028A28A0028A28A0028A28A0028A28A003B5369D51E7149B4B701D4550B8D5ED2D8ED69373FF007506E3FA54075D8072D0CEABEA50D66EB40AE563754FF90A69BFEFBFF2AA76ECF32C96316559E4259881F2AFAFD7D29F757B6D79AA69FE449B9919C9183C714DD30F93A948EE3E598F9608ECC39C579F27CD53C8D52F74B9225BE9D088E28D9E7753819CB37B926B3AC5EED22B645B811C32332E020254F26AFDF4AB6B7E6798E2278BCB0C4642B557D1E292E5226236C30B3143FDE273FA5396B512425F08DD41AF17CEB7FB48954465DCB201B6A5B386D750B3489E3293A20C9E8D8C70723AD2EAF14910B89910C91CB1ED603A834696EB3DCC2F110C914011D87F7BD29A5FBDB31BF802E26952CEE2CEE0FEF15328E06378FF001A6699FF0021A43FF4E63F98A76B7892448D3EF2297720F6E9FCEAA41742CF538D9E37766B501550726949F2D440B58B3A9A3BD640D4EF7A8D327C7A6467F9D3E3D6E0DFE5DC2496D27A48BC7E62BBA35A2CCB959AB4546AE194153907B839A78EB5AA69922D2D252D300A28A2800A28A2800A28A2800A28A2800A28A2800A28A2800A28A2800A28A2800A28A2800A28A2800A28A2800A28A2800A28A2800A28A2800A28A2800A28A2800A28A2800A28A2800A28A2800A28A2800A28A2800A28A2800A28A2800A28A2800A28A2800A28A2800A28A2800A28A2800A28A28003D2B035A92E239A157768EC1B89244FBC0FBFA0ADE3D2A196159A26491432B0DA41F4ACAAC5CA3A0D3B3305C1B5B94B5B444823917E597A973F5ABBFD9B31C3ADECB9C77E466A943010D3E9529CB463CC819B9257B0FC29B7335F4D6492DBCFB1A06DB38DBFAD702B25EF1B6FB13863693A1BE8E22C7216E15791F5AA90196E2196DA1858C825C97E813D08AB0D3CD2DBB477404D132E4BAAFCC9EF8EE2B4EC2086DECA358983A919DE3F8A9C21CEF4D81BE54507B8B8B78CC3A8A078D86048A323F1AA969B6DB4FF003BED6D00DC70AA37679EC2B5354BA8D23FB32A79B71270918EA3DCFB554B0D2A2D32DFED176DBE55058B13C2FD05128494F404D7291CD24977A64B2ADF33AA8E57CB0A453EDEE4C56B1DAD8440CDB0163D94FBD2DED92DFDB35E69B208E675E463871E847AD4FA1F91F620B180254389463043525197B4B05D729484A23B5B982E014BB91496661C37B0A7594B71790C696DFBA5540AF215EBEC2B4359B586E2C5BCD654DBC87C6707E9DEB2DA7BC86D3CBB7DB6EA9C60AE589F7F42694E3CB2D469DD68681D25F049BE9F70E739AAD6F2BB25C0BD292D9C791BD8724D2B35D5BE9D15AC93192EA76C648C11EB8A6CD6FBEE2D74A8C928BFBD9CFA8F7FAD5357F845B6E58D061992292562CB04873144C7945AD8A4450A8028C0C7029F5DF4E2E2B5316EE02969296B41051451400514514005145140051451400514521E940099A3269334C33C40F3220FF810A9724B761B92E68CD43F6887FE7AA7FDF429E1D58654823D41A4A717B30B31D9A33499A5CD580B9A293346EA005CD2669334B9A402E69334DF31776DDC377A679A09C0C9E295D00FCD14C5915C02A41CFA1CD3B34F47B00B9A2928A005A33499A33400B45410DDC170CC2195242870DB4E706A6CD2524F60173499A33466980B4521EB45301D451450014514500145145001451450014514500145145001451450014514500145145001451450014514500145145001DA9B4EA6D260636B23C9B8B3BD1C7972ED73FECB71430106B38C0F2AE939FF0078559D6A1F3B4AB85C64842C3EA2A95E3F99A4DA5E2F2632ADC7EB5C3563693358EC3A189A31240B9325B316407F890D46F7634B53346A5ADA6FB8807DC7F4FA66AE3B6CD52DE41F7678CA9FC39AA17C365EDBC0DFEABCFDE01FA0C0FCEA64928DD02D5EA2240B0013CE1A5D467E46DEA80F6F615248C6378FEDE4CF38E638221903EBEA6A6924F2750BB76C79821DD1E78E05334E96C60816679D1A7986E672724FB7E149257D47D0881691A47B22F149D65B76E09FA7A535A48ED255D42DF7042447728C7903A03F5CD4DA95C5ABC7F6982755B8888DA477F6F7A65D14964BA6DBC7D9BF78A7FBDEFEF53376D86B51F2486F67128198D5B640A7A337763F4A95600FA84700E63B71BD89EEC7FF00AD49A4A068603DA289540F72339A75B4BB63BEBA63D5C8FCB815A2BC926C97D90DB6C5CEA97172DF7221B573CE08A5D1819E5BABE6FF0096B2155FF74702A1DE6D3C3D24A7024901391EAC7FFAF5A7A75BFD96C6187182AA33F5EF5549734909BD0B629681D296BB4CC4A5A28A60145145001451450014514500145145001487A52D21A008D86E42BEA315C1EA9E0AFB3C5737BF6F76C12FB7663F0CE6BBFAA3AB0074BBA1EB19AE4C5518CE0EE5D3934F4380D0FC28BAD69FF6917A623B8A95099C576DA3E991E83A6F90F726455259A47E00FC2B27C04C4E932A13C2C9C7150F8E6E2626CAC51CA473B1DC41EB8AE2A0950A1ED16E6B36E53E53A3B7D6B4DBA98C305EC32480E0AAB73564DD40B3080CAA253C8427935E79AEE8706850DA5CD9CCE26DC33B9BF97A55CDED2F8F6DDE4273E5A1EBED4D66124F96483D826AE8EDDEEA08E5589E54595FEEA13C9AAE758D395A50D7910311C480B7DD35C96B64BF8F2C50B7CAA108C75CF3599A768C35AD7AF22924291A3967C1E5A9CF1F3BF2C55C15156BB3D12CF51B4D410B5A5C4732AF528738AB35CDF86740B8D1AF2F9E564F2E520460364E067AD748062BBE84A7285E6632493D0E1EFE5934CF1F413339D93E1704F183C56978D3537B2D2161858896E0ED1B4F38EF55BC796AC2D6DAFA21F34326091EFD2B2A39BFE125F14DA2F5820404FBE39C9FA9E2BCAAB5654E72A2B76744629A52EC75BE1FB2FECBD0E18E57E42EF624F033CD58835AD3AE27F221BC89E5FEE06E6B03C7177247656D6913EC59DF6B9071C7F85626B7A05BE8DA4DBDEDBCAFF6807258B7078E303B56D3C54A97B9157B111A6A5ABEA7A235CC31CA9134A8B238CA2B1E4D125D41148A924AAACDF7413C9AE12E1DA6F17698F29CEE851B24F7DA3FAD4DE25266F1769A84E02E318FAE6ABFB43DDBD8151D4ECEEEFAD6C62F32EA74890F76351C77B6D7B6AEF6D324ABB4F286B8C9ADDBC53E299E19E465B5B6E0A8383C7A56DE9BE198748BC9EE20BA90C6D19022639C7B93DE858AA951BE55A09C12DCC6F08DE416775A8CB73324485F9DC715DA5AEA16B7D17996B7092A83C953D2BCDB45D146B5AADC248FB6DE3725C83C9E78C7A568E8327F65DFEB30C45B6401B62939C81C0FE75CD86C5D4A7F12D19AD5A716F4DCECEEB58D3AC9C477379144C79DACDCD4E9796F2DBF9F1CC8D1633B81E315E556911D45A5924B6BABCBB91891E5B6D55F5C9AE9B4FD2EEF4BF0C6A4B74C3F791EE58C36760FF1AD69E6129B6D2D089D151EA748DAEE96B0ACED7D088D8E15B775C75ABD6F7115CC2B2C122C919E8CA720D79BE85E185D634B9AE99CE7948903630C3B9AED7C37A6CFA4E92B6D7250C818B1DA78E6BA30D5EB557792B222A4231D99B5451457A064145145001451450014514500145145001451450014514500145145001451450014514500145145001451450014DA7536801922EE465F51587A7FEF7C3B2C27FE596E4FCAB78D62E96A164D4AD8F69C9FCC0AE5ACB545C4697274FB09B2731C81493EE714ED65233CC8DB4B2E233FED0E47EB51400CBA1DC29FBD0B3103E9C8ABB35B1BDB6B79A360B2C603231E4722B1B3946C5ECCCC6135C7D9FEDAA64B803296E9C7E2E6AB3DCCF0B32622890BE11235FBDEFBAAF99D4DEB12FF0064BD18560DCA3D559F4EBE9246260468CB650A374F5FC3BD72D5527B1AC1ABEA4714B35D4888522B8424AED75FBAC39E4FD29EF6E444D0DB091103069ADDBEF119EAA7B8A74365776EEB2379304519DC5A46CE5BD4FE153C2FBEEF16C5A5B965E6E25FBA173FC3EB4422DAB314DABE85FB0923FECE69633F2FCC7E98ED5467DC9A022F433BF3FF0002356E5B75D3F4A9C062DBC7CCC7B926A0BA4CCDA75A7F770C477E05754AEA29192D5DC2FD4FFC4BAC87F1382DF856E01590313F89307EEDBC5D3DCD6C0ADE82DC990A3A52D145749014514500145145001451450014514500145145001451450025433C7E6C3227F7948E7E9536290839A525CCAC061F867469744B178269048CCD9C8A6F89341FEDAB64F2E4F2EE2239463D0FB56E91E9460E6B078783A7C8F62B99DEE70969E14D5AEAF623ABDC078223955DFB89F6F6ABDE20F0EDEDD6A115FE9932A4E881705B6E31D0835D6E327A5054FE158AC053B58B75657385B0F0D6B4BAD5B5EDFCB1CBB1B2EC64C9C56CE87A04DA66AD797524AAC937DD03A8AE8B6F146DA74B034E9BBA14AA37A060518A5C518AED3328EAD62BA869B35B1C65D485CF63DAB1BC2BA04DA34733DD14371271F29C8C76AE9B069BB79F6AC258784AA2A8F74529B4B94C6F11686BADD988C3F973467746F8CF3E95CE41E13D62EEE211AADD06B689B85F337715DEEDA361ACEA60E9CE5CCC6AA492B2394F10786EEEF27B7BAD36558A68136004E38EDCD66DB78675D6D56D6EEFA6497CB7058993240F4AEF76E280A6B3965D4A52BB295692471BAB785F501A935F691722291FEF0DFB707EB56342F0F5FDADCC9797F765E6910A1507239EE4D755838A0826AE382A7195D0BDACAD639EF0F685369335DC934A1CCCF9005476DE1B921D7AF2F4C8860B8460571CE4D74BB7AD18355F54A76B0BDA4AF73816F0AEBB61338D2AF02C4E73F7F69AD2D33C33770595F7DA6E77DCDD2104E72057598A522B38E029C5DD14EB49EE63F8734A9347D2FECB33876F319B2BD306B631CD18A5C575C20A11E5466DDD8B4514558828A28A0028A28A0028A28A0028A28A0028A28A0028A28A0028A28A0028A28A0028A28A0028A28A0028A28A0029BDE9DDA9050037D6B1C7FA3F8958744B98463FDE19CD6D7158FAEC6CB0457918CC96CE1F1EABDC7E958575A5CA88966A21D46F2DD810B21DE33D0FAD4DA6318D24B473F3C0DB7EA0F20FD39C7E1505EB652DF54B71BB600580EEA6A5991A711DF59956942F4CF120F4AC22EDA16CA6D1F9B0EA31EDDD27980B02392302916CED19639E1593C928037944920FB8A9A69E09641379BF64BA5F94ACA3008F43EA3DEABC334ADAA45E42212DFEBA489B28C3FA5672E5B8D6C3A5B5B548A69E447DBB0A22C99DC58F4E2A78936DD69F1EDFDE247F3E38C0C77155EE269535597CC58D71FEAA597EE28FF1A9A09E380B984B5DDD3F2CEA3E5FA67D29C1A72D01EC59D43F7F716F663904EF900ECA3FFAF50A627D7A47EAB0A6D391DEA445FB05BCD7772E0CCE32C7B03E82AAA31B2D26E2EA41FBD972704F73D07EB553777712D89F47CCD717B7479DF2EC1F45E2B62A96956C6D74E86361870B96FA9EB57ABA68AB44CE4F5014B4515B0828A28A0028A28A0028A28A0028A28A0028A28A0028A28A0028A28A0028A28A0028A28A0028A28A0028A28A0028A28A0028A28A0028A28A0028A28A0028A28A0028A28A0028A28A0028A28A0028A28A0028A28A0028A28A0028A28A0028A28A0028A28A0028A28A0028A28A0028A28A0028A28A0028A28A0029314B450026299228642A4643707352534F349ABAB0183139D22736971FF1E521C4329E8A4FF09A93C8B8D3A4692CD7CDB67F98C23A83ED5A93DBC771118A545743D41ACCFB05F69FCD94A25841E2194F4F607FC6B9254DC754689DC906AB61246CF26D4641CAC830C3D87AD4124B2ADAB5DCADF65B703705897E623D4F1514F73038DBA869D2447BB05DC3F31509FECD656D97EF18231B5FA7E46B09CA45248B50DC48F689791B35CDB1E59655C3E3DAAD1D56C62406260ECC322388727F2ACADDA6A8DA6FA66407858D4E31E9C0A9EDA78E3E34ED3A476ECEEBB71F9F344652069130827BE905CDEA88A04E521247E6D4D51FDB37AACBFF001E56E786C7123FB7A81527F66DD5F1DFA8CD84FF009E1170BF89EA6B56289624544002A8C002B7853727764B761E053B146296BAD2B2330A28A298051451400514514005145140051451400514514005145140051451400514514005145140051451400514514005145140051451400514514005145140051451400514514005145140051451400514514005145140051451400514514005145140051451400514514005145140051451400514514005145140051451400521A5A2801B8A29D4500308EDD4544D6B039CB41113EA50558A2A7910102DBC2A72228C7B85152638C53E8A14520194EA5A2A804A2968A0028A28A0028A28A0028A28A0028A28A0028A28A0028A28A0028A28A0028A28A0028A28A0028A28A0028A28A0028A28A0028A28A0028A28A0028A28A0028A28A0028A28A0028A28A0028A28A0028A28A0028A28A0028A28A0028A28A0028A28A0028A28A0028A28A0028A28A0028A28A00CFD635BD3F41D366D4753B816F690E37C854903270381CD671F1C787566D2E13A92F99AA2EFB25F2DFF007C3D471C7E3587F18BFE4966B5FEE2FF00E862BC97EC36BA26BBF0DAFD25B86F36CDEE2413CED22A955CE141FBA3D85007BC6BBE34F0EF8667820D635486D669FF00D5C6C0B31F7C00703EB5027C41F0B490EA3326AF114D3BFE3E8EC6FDDF38E98C9E7D2BE6BD7B51B1D72D24D765BCFB46AFA86AC8C10C6F98615C80A188C6391C03DA9754D1754B8FF84E35AD3AE0886D6F0C17717F7A276273F8151401F48DA7C44F09DEDFDBD8DBEB56ED737118962460C9B948C83960073E95775CF16E89E1B9AD61D5AF96DE5BB25604D8CC642300E0283EA2BE6DD37C2D0F8C7C5BA66932CCD133787E0923917F85D5062B52CF56D4A59BC3DACEAAD2DC41E15D4CDADE4CDCB246C4042DEB8DBC9F7A00F73B8F883E17B4BAD42DA7D5A349B4EFF8FA431BFEEFF4E7F0A86EFE25F83AC74FB4BE9F5DB616F7618C0CA198B6319E00C8EBDF15E17E33BB10F88BE203290C2631C6083C10D9AD2F1E7C38D03C39F09ADF59B1B475D459E0F36532B30E7AE01E05007BAEB7E2AD1BC39A7457FAB5EADB5ACA40490A31049E9C004D55BEF1DF86F4DD41AC6F35348AE56D8DD9431BF11019DDD3D066BCE7E364C27F84DA5CC0E77BC273FF0001AE4FC43A541A3F8FEF20B796E6457F0BCEE5AE27695B2617EEC738F6A00F6CB4F88BE14BEBDB2B3B5D5E392E2F577DBA08DF2E32467A7A83F955EBBF1668B63E208342B8BE54D4E75DD15BEC625873CE40C7635F3EF824FF00C579E01C9C7FC4ACF3FF006D25AEF3C49C7ED1BE1D238CD89E7FEFBA00F58BDBEB7D3ACA7BCBB9561B7810C9248C78551D4D72F1FC52F06CB14122EB4A12793CA899A090076F4195AD0F1AD8C5A8783B54827FF54B034AE31D427CC47E95F3EDE6A0D7FE10F878586DF275228BC632BE6F1F90E2803E87D17C5FA0F88A69E1D2B5386E2681CA4918CAB023AF0704FE154AFF00E22F85B4DD566D2EE75322FA1FF590476D2C8CBFF7CA9F5AF9EEC3419534DF1378D2C2EE5B7D4B45D61CA943F79339C7E679F6AE97C2490F8DBE2F6A3757735E5B9B8D3E2958D9DCBC277144C8CA9071D78A00F7CD3B53B6D56C62BDB3667825FBA59190FE218022B16F7E20785AC3596D1EE358817505FBD0A866238C9C9008CE074AAFE32D48783FE1E6A1736D33992DADF642D3C8CEE49C0E58F24F3DEBE79B0874D87C53E194B0BA3733C96B34D7533C651CC8E8CD862C0648F5A00FA062F8AFE0A98C4135B5C4CFB23636F285639C632571D6B535DF1A787BC337105BEB1AA436B34FFEAE360598FBE00381F5AF08F85BA46A5E2A8AD6F757661E1DF0F46CD0C07216593EF7FC086464D739ADEA561AE5BBEBB35DFDA357BFD5D1B618DBF730AE4050C463078E3DA803E879FE2AF82ADE6962975B55689FCB93F71290ADE8485C6783F9533FE16CF827F779D680F34663CDB4A37FFBBF2F3F857CEFA85E5D278B754B4B869D7417D703DDB45C65F242F3F4DD5EB1F11A086CBC7FF0EADED57CB86295D6355E800D98A00EEAD7E24F84AF3518EC22D6625BA9465239A37889EFFC405357E26F83DE3BC9135C8192CFFD79547213B7A73D3B579DEADE19D2FC6DF1F350B2D620796D60D353E4590A1DC3A1C8FC6B8AD7F4BB4F0CEB3E34D12C50C56AB66A6146393B47BF7FA9A00F7987E25F84E781E78F5376852232B4BF64982041D4EE2B8A75C7C49F095AE9B65A8CBACC42D2F4B2DBC8B1BB6F2B8C8C0190464707D6B81B3F0F5B5A7C0A9F568AEB5069A5D06406292F247846E5E71193B47B60715E576BA2EA9A40F03DC4B7264D2AFEE05CDBAFFCF390B2871F905A00FA28FC56F05897CAFED83E6E33E5FD966DF8FF0077666B6353F17687A369706A5A8DFA5BDA5C10227746CB93D82E3767F0AF3C989FF8699B2E7FE612DF8FCAD537C7244B7D0B4BD65CFCDA75D19235EE5C8017F0CD007A6E9BA8DB6ADA7C37D66E5EDE65DD1B3215247D080455BAADA74AD3E9B6B337DE921463F52A0D59A0028A29322801690D191412314009BBB9A6C7324A81E275910FF121C8AE33E28EB175A5783648EC6468EEEFA64B48A45EA9BCF27F2CD7213683AC5978F6D3C33E19D7A7D392CB49F3D430F32395F7283BD4FA93D6803D9377B52E4FA5792DEFC49D62C3C3DA8E9D7305B8F145B5DC7628D19CC2EF20255C7E00E41ACBD7FC39E29F036911789DFC6B7B77A824A9E6D9CC498642C7055067DF8E2803DBB271D0D267DABC47C6FE12D5ECB5BD2EF13C63ADC30EB1A80865812523ECE1C13F261B1C6315E9BE11F0D4FE17D324B39F5ABDD559E4DE26BB6CB2FB0E4F1401D0EEFF00F5D2E79AE33C7FE2A3A169F6FA759DC471EAFAA49E45A972311E7AC873C607BFAD737E18F1FC9A67C238752BD59750D42DAE0E9EA9BF734D367804FBE7AD007ABEEA4DDCE2BCF24F1FEB9A6784DF50D73C2F25A6AD25C2DB5A58A4A1BED0EDF7707B0AAFA87C44F1168DE18B5D4355F0A35BEA33DE0B65B2F373BF38C1523B9CE31ED401E97BB9A37579249F16F58834948A7F0D08BC4125DC902D8C929555445562E58F5E1B8C75C1AB83E29DFCDE16D36EADBC39349AE6A33BC1069ECDB43141966C9FE1C77A00F4A7BCB78F7F993C49B080DB9C0DA4F4CFA66A6C9AF02B4D4E7BDB6F15EA1E22D142C975ACD95BCFA7B4C4794C0C601DC3D3838AD8D4BC4FE34B5F8BF6B6369A13BDA0B511C707DA0EC7877F339E71B8723D78A00F64DD48D2AC6A5DD95540C9663802BCA53E2FDE5C789E2B5B4F0F3DC69325E7D885CC6E4C9BB3B4B6D1D141F5ACAF881E3FD6353D335AB1D27423268704C2CEE35532E36481C0385F4CF1F8D007B4C77314CB986449003825181C7E5528AF2AD0E03E11F887A4D8DA97161ADE98AD2C20FC8B3A01F301EE01FCEBD5074A005A28A2800A28A2800A28A2800A28A2800A28A2800A28A2800A28A2800A28A2800A28A2800A28A2800A28A2800A28A280303C63E1B5F16786AEB457BA6B64B9C032AA0623041E9F85729A8FC264BF4D002EBB342FA35B35B44E2DD4EF04609233E95E954500796B7C1A80F83B4FF0E8D76711595E1BB597ECEB9624F4C67A55C87E15C50E91E27D3FFB6A665D7E4124AE6050622093C73CF5AF46A31401E5B67F08EE74AD5AD754D33C553DBDE5BD92D92B9B2470502E3A135D1F863C01A67873C3D75A448EFA8ADEB335DC93A8CCDBBAE4575F81462803C6A7F8036B27DAE287C4D791DB5CCAB2344F02B91B73B46E273C64D777E2BF07A78ABC1C3C3F25FBDBA7C999D23049DBEDEF5D56052607A500705E21F86EBE22F0469DE1BBAD6255167B7372B02E64C74CAE78FC2A1D6BE17C7AC78864D5DB599617934D6D38A2C0A46D642BBB39EBCF4AF44C0A2803CA6D3E0E3E9F7DA45FD8789E686EF4CB7FB3C2E6C91C11B98E4827FDA3576E7E1A6B177E28B6F124DE3290EA96D1F9514834E8C2AAF3C6DCE0F535E93814500709AAF833C4BAD69B369D7DE3890DACEBB255874D8E3665EE3703C66AAEADF09B4DBFB2D06CACAFA5B0B6D1A412448B1872ED9DC4924F526BD168A00F291F07664D3F53D313C57729A6EA7746E6EA05B44DCE739C6ECE40ABB6DF0B26D23C492EB5A0F8925D3E4920483CB36692808AA001C9EBC0E6BD27028A00E3F5EF075E7897C1B2E81AAEBEF2CB2B02F7896AA84807206C071FAD646A1F0A62D4352D1AF5B5B995F4BB3168805BA90E026DC9E7838AF47A280396F0EF840787BC13FF0008DC5A83CCA11D16E1A30080D9FE1CE38CD72A7E0D41FF00088587877FB7AE04367766ED64F217249ED8CD7A9E28A00F3097E0EDA4FA66BD673EB1349FDAD72975E61814181D49C11CF3F788AD0BCF86EF7F73E18B9B9D76779F411847302E67E9F7B9E0F15DFD1401C7E8FE073A4F8E354F139D5659DF501B4DBB4402C63B0073CE2B07C4FF000893C4BE22BDD6078827B46BC87C89624B6561B3D324D7A751401E743E1DEB63C2FF00F08D0F19BFF65FD9FECDE5FF0066C7BBCBE98DD9CF4EF4CBAF85115D68FE18D3BFB6A645D05D9E27102E65C9079E78E95E9181E9462803903E098CFC4687C607507F322B636C2D7CA1B48C119DDF8E6B3F54F87975E24BFB46F12F88E6D474FB594CAB64B6890AB13D37329F980AEFE8C0A00644AB1C6A8830AA000076029F4514005369D4DEF40095C9EB5E2A9F4CD5A5B446D342A05204F24A1F91DC2A11FAD75B49B41EC3F2A684EF6D0F1EF1CEAF71E21D05622F6424B59D2E625B5695A572A73B402A073579BC1F37C4116BE2C8F57D43C3FA94B118655B527EE03F74E48C74AF530807F08FCA8C01DA9B69EC4C535B9C2D9FC2BD0EDFC2B75A25C3CF74F77289E6BD91FF007CD28E8F9F5155F4BF85821D56D6F35BF12EA7ADC566C1EDADEE8E111874279F98D7A252E0549673DE25F0CC5E245D37CDBA92DCD8DE2DD218C72C5411B7E9CD6F53E8A00E07C49F0AF48F17789CEAFADDCDCDC442158A2B446D8B1E3A9C8E4E6AA43F07F49B7D06FF0046B7D46F22B59AE56EAD707E7B490742A7BFE35E938146050079C9F856B3F86DF4CBFF00136AB79742613C17D24877C0EBD368CFF5AB169F0DFCAB0D3E0BDF10EA1A84F657E97C27B93B8B152085C127038AEFB1460500717E3BF87B63E3A8AD0CF773D95D5AB168AE2119233D88ACE9FE154571E1AB3D365F116AADA8594ED3C1A93484CB1B30008033C2E00E335E8B8A2803CD6C3E13ADA68F77633F882EEEE4BABE8AF64B8962058B21538EBCE76F5AEB67F0F433F8AACF5E370E24B5B66B758B1F2B0249C93F8D6ED18A00F3083E0DDA58F8ADB59D37C41A95944F3F9EF690B6031CE48DD9E99ED8A66B3F06ADB53D42EE4B3F10EA1616179309E7B08FE689E4CE73827D79AF52A2803CCB4F826D7FE27DACF0C738D3BC3B686D4DC489B44F31C0381E98CD7A60E94607A52D00145145001451450014514500145145001451450014514500145145001451450014514500145145001451450014514500216C526EA5C0F414B81E94009BA8DD4B81E94607A50014514500149BB8A5A2800A28A2800A4CD2D2607A50026EF6A50734B45001451450014878A5A280137519A5C0F4A314005266968A006EEF6A7518A2800A28A2800A28A2800A28A2800A4C52D140098F7A314B45002521A751400DCF7A3752E07A0A303D2800DD49BB9E94EA303D28013751BA968C0F4A004DD46EA5C0F4A303D280137519A5A303D2801334B4981E94B400514514005145140051451400514514005145140051451400514514005145140051451400514514005145140051451401FFD9, 'Balabag Plaza, Boracay Island <br />\r\nMalay, Aklan Philippines 5608 <br />\r\n<p style=\"color:blue\">www.handum.com </p>', '+63 999 104 9502<br>\r\n+63 969 434 8399 (Viber)<br />\r\n<p style=\"color:blue\">handumhillside@gmail.com </p>', '<p>&#10687; Check in time is 2:00pm. Check out time is 12:00nn. <br> </p>\r\n<p>&#10687; Cancellation of bookings seven (7) days prior to arrival date will incur full forfeiture <br>\r\nof payment/reservation fee. No Show, No Refund policy. </p>', 0xFFD8FFE000104A46494600010101006000600000FFDB004300080606070605080707070909080A0C140D0C0B0B0C1912130F141D1A1F1E1D1A1C1C20242E2720222C231C1C2837292C30313434341F27393D38323C2E333432FFDB0043010909090C0B0C180D0D1832211C213232323232323232323232323232323232323232323232323232323232323232323232323232323232323232323232323232FFC000110800D8025803012200021101031101FFC4001F0000010501010101010100000000000000000102030405060708090A0BFFC400B5100002010303020403050504040000017D01020300041105122131410613516107227114328191A1082342B1C11552D1F02433627282090A161718191A25262728292A3435363738393A434445464748494A535455565758595A636465666768696A737475767778797A838485868788898A92939495969798999AA2A3A4A5A6A7A8A9AAB2B3B4B5B6B7B8B9BAC2C3C4C5C6C7C8C9CAD2D3D4D5D6D7D8D9DAE1E2E3E4E5E6E7E8E9EAF1F2F3F4F5F6F7F8F9FAFFC4001F0100030101010101010101010000000000000102030405060708090A0BFFC400B51100020102040403040705040400010277000102031104052131061241510761711322328108144291A1B1C109233352F0156272D10A162434E125F11718191A262728292A35363738393A434445464748494A535455565758595A636465666768696A737475767778797A82838485868788898A92939495969798999AA2A3A4A5A6A7A8A9AAB2B3B4B5B6B7B8B9BAC2C3C4C5C6C7C8C9CAD2D3D4D5D6D7D8D9DAE2E3E4E5E6E7E8E9EAF2F3F4F5F6F7F8F9FAFFDA000C03010002110311003F00F7FA28A2800A28A2800A28A2800A28A2800A28A2800A28A2800A28A2800A28A2800A28A2800A28A2800A28A2800A28A2800A28A2800A28A2800A28A2800A28A2800A28A2800A28A2800A28A2800A28A2800A28A2800A28A2800A28A2800A28A2800A28A2800A28A2800A28A2800A28A2800A28A2800A28A2800A28A2800A28A2800A28A2800A28A2800A28A2800A28A2800A28A2800A28A2800A28A2800A28A2800A4CE296A09A65B7B792594E154124D0062DCF8B2C6DB5C5D35D8073DF35D00605436460F4AF967C6FE261FF0009B7DB2D2527CB7E706B72E3E305F482D2DA3C8E8091401F4564519AC9F0DDEB6A3A15BDCC9F79D726B5A80168A28A0029338049E8294D737E36D7A3D07C3973705C2C8548519A0065C78EF45B6BD368F70BE686DB8CD7456F3C7730ACB130646190457C33A86B37775ABCB79E73EE69370E6BEA6F83DAFB6B3E12412BEE963E393401E884E28CF340F4A3BD002D1451400514514005267D696908CD002D149D0500D001CFA51CD14739F6A005A28A2800A28A2800A28A2800A28A2800A28A2800A28A2800A28A2800A28A2800A28A2800A28A2800A28A2800A28A2800A28A2800A28A2800A28A2800A28A2800A28A2800A28A2800A28A2800A28A2800A28A2800A28A2800A28A2800A28A2800A28A2800A28A2800AE6BC7574D6BE17B975382462BA5AE4FE21DABDDF85A78D339F6A00F91B52695B509A4209CB139AAF15D325D439EA1857617DA5797A5CAE53E607AD7176B1799A8C69EAF8A00FB1FE1ECDE7F83ECDBFD9AEA6B98F87F6E2D7C21691FFB35D3F4A005A29290F26801D5F38FC73D7E7B8D6A1D3A173E5742A2BE82D4EFA3D3B4E9AE64202A2E726BE5BD4273E2DF88F1841BD04A0FEB401C55F6873DA40B23C4EA1864122BD33E087881ACF59FECD2DF2376AF52F1EF85ED2E3C0EAB1DB22CB14639039E95E05E04FF0042F1CC680E08700D007D8639F9BDA8F7A642736F19F551FCA9E4E280168A28A0028A28A0028A2939A003AF5ACDD5F5AB6D1A1596E1C2AB1C649AD2FA578AFC7CBBB98B468923729F3763401EC16B7F6D7B6CB3453215619CEEA9C4F093813464FF00BC2BE4CD3FC43AFC3E1B8D219E5DA3B835923C69AFD8EA292BDDCD8539C13401F66D15E51F0FBE2CD9EBE63D3EF5C25C018DC4F5AF540CB8C86047B1A007D14D049FA76A75001451450014514500145145001451450014514500145145001451450014514500145145001451450014514500145145001451450014514500145145001451450014514500145145001451450014514500145145001451450014514500145145001593E230A7459F774DA6B5AB0BC5A48D067C7A5007856B30AFF60DD301FC46BC7D67FB3DE7983AAB66BD935546FF008462E18FA9AF13987EF9FF00DEA00FB0FE16EAF16ABE0DB6218175182335DB77AF98FE0978C3FB33551A6DC3131C870A335F4DEECE31DC6680178A0F5146052121558F61401E7FF17754167E109E14936C8FEF5E7DF05FC2BF6BBA5D5A619DBDCD61FC56F144DAE7881B4CB52711BED615EC9F0AB459747F0A4625FBD2006803ACD62DD6E348B9888C8F2CFF002AF94B49B568BE24B228C627FEB5F5B5C0CDACC3D50FF2AF99ECA348FE293823ACB401F4C400FD921FF717F954B4C84FEE23C7F747F2A7D002D14514005145140052734B450015F3EFED0370FBE28777CBE95F4177AF9A7F682B8FF8A822873FC39A00E93E1778423D67C291CB30050FAD6DEB5F06F4FBCB794C400931C715A5F05A329E00B7E7A9AF44ED401F196BBE1BD5BC15AA19915D0237CAE057AE7C29F8A02EA27B4D626F9FA2126BD37C63E13B6F14E966D64441273B5B15F2CF8B7C27A978335C2A0B6D56C865A00FB1A09567856543946195352D78DFC30F8A969A8DAC3A5DEB6C9631B4331AF62575740EA41523208A00751484E0668CF19A005A2909A5A0028A2933400B451480E680168A4C8A5A0028A28A0028A28A0028A28A0028A28A0028A28A0028A28A0028A28A0028A2933CD002D1452332AA9662001D49A005A2B220F1269971A81B28EE15A61DB35AD9A005A28A2800A28A2800A28A2800A28A2800A28A2800A28A2800A28A2800A28A2800A28A2800AC9F11C425D1A653E95AD54755DA6C9830C83C5007876BB6C61F0ADCE47735E162312CF27D6BEBAF126896927832E7F77F36C26BE4E8D026AB346A33890802801DA4DECBA36AF05CC60831B6E35F5F781BC531789B458A5539915406AF9A351F095E2689FDA4213B1875C577BFB3E6AEC6F6EEC246E00F9726803E83E2B375DD462D2F499E791C2E10E335A43AE2BC53E3978864B416BA7C0E419386C1A00F3DF09590F13FC4E9E461BA33267F5AFA9ED6DD2CEDA382318551815E3FF073C14DA7AFF6B4DF7A4E4135ECDC5004739FF4694FFB07F957CBBF6D48FE27B1CFFCB7C7EB5F4DEAB2F93A5DCBFA467F957C7CB7465F88DBC9EB738FD6803EC7B560D690B7AA0FE552D4165C585BFF00D735FE553938A005A28A2800A28A2800A28A4A003BD7CBFF00B4013FF097463FD8AFA87BD7CBBF1FD81F1846BE89401EC3F06FFE49FDAFD6BD0074AF3FF837FF0024FED7EB5E803A5001DEB9AF14F842C3C476520962065C70715D29E4629B83C60F02803E37F15786753F066AEF246AF1A6ECAB0AFA03E1278D23D7F408EDAE261F69886304F26B47E24F843FE12AD20A4483CD41C1C726BE6CD1AF2FBC11E31484C8CA1240AC33EF401F66520273CD53D2AE85F6956B74A73E6206357A8013347B938141C63E95E1FF00143E285CE87AAFD86CCE0AF5C5007B8100D1DB8AF00F0E7C7B10DB18F50B769180EB4EB8FDA004970DE45AB2A8ED8A00F7C271D451F4AF1CD13E3B58DDC8B15DDB18C9E371E2BD5B4CD4EDB57B24B9B49032B0CF06802E803F1A7537B73D69D400514514005145140051451400514514005145140051451400514514005252D25001D2BCCFE2F78B27F0F69222B77DAF28AF489A65820795CFCAA326BE5BF8CBE27FEDBD644313FC911C6280313C05ACEA375E3782433BB33B648CD7D7F6CCCD6D196FBC5466BE47F83D62D73E38B662BF2AD7D7838C28A005A28A2800A28A2800A28A2800A28A2800A28A2800A28A2800A28A2800A28A2800A28A2800A867884B1ED2322A6A4A00C6F10C6A9E18BC4238111AF8CE2C0F13303C0339FE75F6778A013E1EBCC7FCF335F1830DBE21727FE7B9FE7401F539D361BDF85AF1C71066F232BC77C57CE1E15D5EEFC2BE29F309310F34EFCF719AFAA3C0E166F07DAA38CAB2E0835E1FF1BBC24BA55DADFDAC7B63739381401EEC7C4F6B1F8517597914218F239EF5F3AEBB7D75F113C5F08B542F1A48391F5AE59FC5BAA5D6891E9293B987EE8515EE7F053C1A34BD30EA1731E649395C8A00F4ED02C469DA1DADAE30C9180DF5AD2EF451DE80317C5974969E1CBA91CE06C22BE42D317ED3E3C461CE6E33FAD7D1FF001AB507B1F04C850E0B1AF9E3E1F42D7BE30B72464EE06803EC9B318B1B71E91AFF002A9BBD476E316D10F441FCAA4EF400B4514500145145001486968A002BE61FDA062C78AE2703AAD7D3BDEBE70FDA0E1FF89B4327B0A00F4DF830DBBE1FDB0F435E855E69F0465DDE098D3D39AF4BA005A28A2800AF94FE2C68735B78A65BCF2C852FBB38AFAB2BCF3E2D68B6F75E11BABCD83CD8875C500607C17F16C9A9D97D82693718C6147A57B0E39AF97FE03CFE5F8A8C45B00D7D40680239DFCBB795CFF0A935F1C7C4BBEFB778C2E2553900915F58F8A7528F4CD02E6576C650815F18EBAED73ACDCC9BB3B9C914011E8F6336A37F1C11839638AFA8BC25F0C3425F0FC26F6C95EE186598D7847C37863FF8482DCCBC0DE3AD7D7B6C105B46131B768C62803C7BC65F09AC60B19AEEC130546401DAB95F85DE21D4345D6DAC6F676F237600635F45CF02DC5BC90BF2AE306BE7FF008A3A1FFC231711DEDA8DA5DC1047D6803E818A459A25950E5586453FB5739E05BF3A8784ACA67397D9835D177CD002D35A5441F3B05CFA9A777AF04F8D1E3DBDD33544D36C2531B0192C0D007BBCB3C56F0996570A839C935CEDC78FFC3D6D21492F901079AF9A60F1F78935B823D356EA4667F94F35EA9E19F8431DDE942E354998CD20CF26803B97F89BE184EB7E98F5CD58B6F887E19BAFF57A9C59F426BCCEFF00F67E8679D9E2BC6553D1735CFEA9F03EF748B592E6DEE1CEC19E0D007BFC3E23D267198EF633F8D5A8F52B39B849D0FE35F16CBACEA9A55CBDB8B87050E3A9A960F1B7882060EB732E01F7A00FB5B231B81E297AF35E5FF08FC5F7DE22D31A3BD8DB283EF30AD4D67E27E99A46AFFD9CE417DDB7AD00779D68E7354F4BD45353B35B88FEEB0C8AB9CD002D14514008693A823BD29CF6A4C1F4A00C2F194ED6BE13BD915B0C13835F19DF4CF73A8CCF2B6E2CC6BEA6F8B3AEDBD8F8627B4F34096418C66BE5480192EC679DCF401ED7F02B49C5DB5DBC7C8E8715F42D705F0B3494B0F0D472EC019C039AEF6800A28A2800A28A2800A28A2800A28A2800A28A2800A28A2800A28A2800A28A2800A28A2800AAF7732C116F6381562B9EF178BB7D11BEC4BBA4CD0058D6A459BC3376E0E4188D7C677231AFBE3FE7B9FE75F505BCDAE7FC21574B730E0EC3D6BE619DB1AEB99061BCE39FCE803EBCF017FC8A3698FEED58F157862D7C51A635ADC01C0F94D56F87EC1BC2168474DB5D3D00782681F066E74FF13F9B3C41ECC36466BDD6DAD62B3B7482040B1A0C002A7A28012968A2803C8BE3D16FF84531FC39AF26F8356DF68F17C6719DB5EB5F1E8FFC5278F7AF30F81C0FFC25CBF4A00FAA80DAA07A0A3BE6968ED400514DFA541717D6D6A409E554CFF78E2802CD151453C530DD14A8EA7FBA735277A005A4ED49EF4BD450015F3CFED058FB5C3EB8AFA1EBE75FDA073F6D8A803A7F821AC59AE82B6464FDF63A57B157CB7F072ECA6B31A7B8AFA917EE83ED400B451450015CBFC4140FE0ABE53C82B5D4560F8C421F0BDE2C9F74A5007C9FE0CD59F42F138962247EF31FAD7D87A75C7DAF4DB79CFF00CB440D5F17C1181E20658867F7E318FAD7D93E1FCFFC23F6208C1F246680386F8D179F66F09ED538626BE65823FB4DF0F972CD5F47FC70427C34AC07435E29E01B28351F145BC326305803401059CE746D4E02C3CB3B857D5DE14BAFB5F872D672DBB72F5AF9CFE2EF879B47F10C0F021F2300E40E2BD2FE1878EED6E2C2DF47918075181401EB39E6BCA7E37441F4681881F29AF57C7FFAEBC83E37DE21D3ADED91B2E48C81F5A00E97E15C8CFE138411C01C5775ED5C97C37B6FB3783AD3231B9735D6E78C9E94015EFAE56CEC66B87200442726BE33F881AD1D6FC517331390AC541AFA1BE3078AD749F0DCB6B6D20F3A4183835F2A317B89F731CB48DCD007AAFC12F09CBAAEBFF6F9A3FF00458C641F7AFA882055545E02F415E75F073471A6F84E39318320AF47F7A003B56378A6F62B1F0E5E4B3301FBB2056C81DEBC37E31F8BE44BB5D1613CB1C301401E77E12F0EFF00C269E2C9F0998839C9C7BD7D0DA77C35F0EDA5A245258C72301C922B9DF83DE14FEC7D3E4BE9130F37238AF52EFCD006758E8BA7E8F6D2258DB242369FBA2BE41F14DE3C9F102E4B9276DC607E75F63DEC9B2C2771D90FF2AF8F96D06A9F12E689B9CDC67F5A00FAA7C14B8F0C5A9C63282BA1AA3A3DB2D9E936D028E15055DCF38A0033CE28CD071D7D3AD7987C41F89F17874B5ADA10D30EB83401DA6BFE2CD2FC390EFBE9C293D057986B9F1DECE0574B040EDD8D7946BBE2BBFF00173A8B8C919E2B1A4F0DDC11BC4671EB8A0097C55E32BDF14DE196E1CAAE7A66B3B4581AF3538218C658B8E3F1ACEB880DBCCCADD457A3FC20F0B36B5ADADC9076C66803E9BF0D5AFD8FC3D651630446335AB55249EDB4AB106795523418C935CC5DFC4AD06C67114970A7278C1A00ECF3499AE76D3C6FA0DE1511DE265BB135BF1CD14C81A2915D48E3068024A334D1CF34BC0E280168A400D2D0014514500145145001451450014514500145145001451450014D650C3046453A93140156FE14934CB88B002B46463F0AF8BFC55666CBC4D32AE7FD693FAD7DAB3A97B5954752A457C81F12E07B3F15CA1800DB891401F49FC30666F03D996F4AEC6B89F84EEF2780ACD9FAD76C466801474A28A2800349DE9692803C8BE3D1C785EBCDBE0691FF000962FD2BBFF8FC661A12607EECF5AE07E04DAC8FE2C12953E581D6803EA6A3B5251400735C57C42F0B5EF8874C234F9DA39C0E306BB6A2803E76D19BC5FE06B9537EF2CD003CE6BDB7C39E208B5EB259514AB639ABFA869769A9C3E55CC4187D29BA6E916BA547B2D936AD005ECF6A5A4C739A33E940077AF9EBF6831FE9109FA57D0BDEBE6CF8FD2DCB6B49195FDC01C1A00CEF83F6C0EB5137B8AFA8C7DD5FA57CB9F09F5CD374CBB492F582B03DCD7D1769E2AD1EF114C7791F3EAD401B54540B796D22EE4B88C8F50D4D6BEB44FBD7310FF810A00B35C7FC48BE8ADFC1B7A3CC51215E066B4B53F17E8FA5A667BA43C7635F3978FF00C6975E23D69EC34E919E091B000340199F0CB4B935CF182865DC81B27F3AFAE6DE2105BC7128C04502BC9FE11780A4D0605D46E4624719E457ADF39C8A00E2FE27E9A351F0A4A31CA026BE71F003341E3A8E353D24C57D69AD592EA1A45CDBB0E590E2BE45CCFE13F1FB492A95559B393E9401F4F78C7C2B6FE25D1423C60CCA9F29C7B57CD5359EA5E0BF11492ED6508D906BE8CD03E24689AB5BC48675493680726B9BF89D1F87751B0F37CE89A6C73B4D0061E9BF1C557482B72079EAB806B85B9F16BF8AB56DD7272A5F8CD71973A45CCF74CB6303C9193C6D19AD3D2FC21E208E40F1D9CA09E9F2D007D63E1DB9B3B6F0D5A6268C2AC7CF3589ACF8EAD9656B2B33BA56E0115E6FE18F0C78B6EB105D4922407B1AF50D2BC01A7DA79735C65E75EE6803C8BC71E13D7EFB4E9753B9CB45D40F6AF1A86311EA3121ED2006BED4F155AF9BE17B98235C808702BE33BC8DADF5F75718C4DFD6803EC4F0100BE13B503FBA2BA6EF5CAFC3D9165F08DA95391B457559A00A9A9DFC7A6584B7527DD419AF9575AD47FE128F8A1038E56497007E35EF3F163536D37C292ED3CC808AF19F847E1E6D6BC4497F321FDC3EE071401F4BE976A2CB4CB7800036A0156893834BC54771711DADBBCD21C220C9A00E57E20F8921F0FF0087A62EC04922902BE68F03CA6FFE2224FF00F3D24DD5AFF15BC6773E23D564B54398216C0DB599F09D117C716DE70E076A00FAF6018B68C7A28A929A0811AE0718E29C4E0649C0EF9A00C9F126A49A4E817774EDB4AC676FD6BE34D5354B8D6F5B9A6958BB339007E35ECFF1A3C6EC253A3DA4A0AE3E6C1AE5BE15F807FB77541757319F254E7245004BE0AF8797DA934733444275E457ADDFF816CAD3C3D2B385122A577563636FA75AA5BDBA0544181815E69F16BC62BA5E98D6B6B2032B0C3006803E6FD5ED73E2396DE3F9BE7C0AFA3FE0B682DA3E873CF326D67E4122BE72D1E492EFC4F048DCBBC9939FAD7D55A8B5E69BE0B83EC202978FE6C7D2803C9FE2978DEFB58D5DF47D3A56011B69DA6B879FC13AF8D3FEDD72CE540CE4D777E09F097F69F8C4DD5D02CC5B2D9AE9BE2FEB2340B14D3AD95423A723BD007CEEB737D0DCED4B891594F635E8FE09F893A8E91A9450DF4EED0F03E635C87846D1359F12470CC328EE335EE7E28F83FA50D10DD59822548F7703DA803D4745D6ED35CB14B8B67041193835A7DB9AF9DBE12F892E347D5E5D3EFE5C5BAB6D5DC6BE858674B985658983230E0D0049D6969074A5A0028A28A0028A28A0028A28A0028A28A0028A28A0028A28A00293A0E29693A5001D78ED5E53E3EF84E3C4FA8ADE5BB056CE4D7AB13ED40E38A00C3F09E8A7C3FE1F82C18E4A0ADCA08146680145145140087A519E2969280398F1C78522F16E8A6C9FA93D6A8F823C016BE11846CC1931D6BB5EF9A39EF40067228FA518ED400680168A28A0028A28A0029052D21E6800E95C7F8E3C096BE30B508E02C83F8ABB0E828A00F9B759F81DABDA9DD6337C83FBB5CC5C7873C47A0CCAB20B8383D4135F5CF51D2AB5CE9D6B78313C08DF51401F355A6BDAC5A41B0ACFD3B9355A4D435DBC7CA0B8E7D09AFA41FC31A4C839B44FCAA587C3FA65B8C25AA0FC2803E72FF840FC49E22837F992AFB135DF781BE0D43A44B1DE6A444930E706BD7628228176C68AA3D8549400C8D1238D6245DAAA30053B9C6283903D6819C5002F18AF3BF1EFC30B2F1540D35BAAC775D9ABD139CE69A3D471401F2B5D7C2AF126865DD6491B1D361AD4F0BFC36D7759726FA59421FEF9AFA55E349570E8187B8A4489225DB1A051EC280394F0B7812C340B60B2451C927A919AEA45BC0BC2C118FF00808A947AD140081557A281F414BDF2696939CD003268D6689E1719571835F287C5FF000CFF0061F8AC3C087CB95B3903BD7D659EF8AE6FC4DE0ED3FC4CB1B5CC60C887209140197F0A1244F045B093209F5AEE3B7354F4ED3E1D32CA3B3B75DA88315708A00F2EF8E4AE7C24A54743593F026EAD069722174131FCEBD17C67A10F106852DB63270702BE59BB935AF016B52243BE2456FCE803EC7EE49E9EB5E51F12FC7223CE87A792D3CBF292B5E72BF173C4375691C16F3798EE31B475AEE3C0DE07B9D56F23D6B5853BC9DDB5A8030B42F8377D776CD7F7720CCAA5B07AD79EE9F33F83BC7ECD3A6162936807BD7D871A2C7188D06154600AF25F893F0BD75859352B15FF00481CE00E4D0075FA7F8FF479F4B4B896E115B6E48CD713E30F8B96E2CA4B7D3F3BCF1B81AF2EB4F0278A65945BC90CEAB9C679C57AE681F082CD74D8CEA3F34C464E6803E75BD9E7D4F5D49AE5D9BCC7EE6BEB6F879A74363E15B631A005D7938AF00F897E155F0BF88A3685716E3906B6F4DF8B173A6691158C5206E30A05007B5F883C536DA623DBA1DD330C002BCC6F3E1D6A7E2CF3AF6490AEEC950D5B1E04D32EBC4574753D4D58A75506BD62344894468BB5546062803E289AC66F0DF8B1A09861E17E0FE35F55F83B53B5F127866282460CCA9822BCBBE31F8127FB536AF67116DDCB6D15C2782FC717DE1B6911A52847626803DDF566B4F075F79F09552466BC2FE22788A5F12EA4D3124EDE2AEBEB7AD78F358F2E3DF22938E2B7B50F85B7B61A2C97D202C42E4AD0070BF0C6263E2D80E380C2BEC1312CF65E4B0CABC783F957CA1F0C63C78D3C96E0ABD7D669C4683D85007CCDF157453E17D485C5AB15DCDBB8AF6BF865A91D4BC17692B36E7039AE0FE3CD88934F49546E7F4ADCF828EEBE1758981000E33401EA00D2D252D0014514500145145001451450014514500145145001451450014514500145145001451450014514500145145001451450014514500145145001451450014514500145145001451450014514500145145001451450014514500145145001451450014514500145145001451450021383D2B95F13F80F4BF137CD7112EEF5C57574DC73401E75A37C22D1F49BD5B95404A9C8CD7A14689046B1A28000C0C0A928E2800EF475A3DE80734006D5FEE8FCA968A28038FF001BF81E0F1858F94E42483A35705A47C0586CAED26B8BA122AB642D7B663BD20249E450055D374F874CB28EDA150154638156FAF149D4D2D004177690DF5B3C13A064618E457966ABF0474FBEBE9278E4081CE702BD6BAF6A3A741401C7F843C01A7F85066255693D715D3DF44B73A7DC44EB9528460FD2AC71D475A1B9520F4231401F1E9B99BC2DE3BB8B85040F38915F4DF84FC5767AC6870DC4B728B2E304135C07C52F86AD7B03DFE9B1EE98924815E416BFF091F87C9B795655EC073401EB1F1835782F248ACED1C48E4E0E39AEF7E1B69874FF000B405D70EC335E65F0FF00C1F7DADDF2DFEA818A8391BABDE6DA04B581208C6154605004BD696931CD2D001487D69690D0052D56FD34BD3A6BB61908B9C579D7863E2F5A6B5ADC9A7326D21B6835E85AD587F6969535AE797522BC53C2BF096FF4FF0017BDECA4AC41F70FCE803DED4EE50C3B8CD2D3517646ABFDD0053A800A28A2800A28A2800A28A2800A28A2800A28A2800A28A2800A28A2800A28A2800A28A2800A28A2800A28A2800A28A2800A28A2800A28A2800A28A2800A28A2800A28A2800A28A2800A28A2800A28A2800A28A2800A28A2800A28A2800A28A2800A28A280100A5C5145002119A5031451400514514005145140098A314B4500145145002631452D1400D2A1B82011E86B1F50F0BE97A94AB24D6E9B94E7A56D5140105B5A4167108E08D5140C702A6A5A2800A28A2800A422968A004C52D1450014514500145145001451450014514500145145001451450014514500145145001451450014514500145145001451450014514500145145001451450014514500145145001451450014514500145145001451450014514500145145001451450014514500145145001451450014514500145145001451450014514500145145001451450014514500145145001451450014514500145145001451450014514500145145001451450014514500145145001451450014514500145145001451450014514500145145001451450014514500145145001451450014514500145145001451450014514500145145001451450014514500145145001451450014514500145145001451450014514500145145001451450014514500145145001451450014514500145145001451450014514500145145001451450014514500145145001451450014514500145145001451450014514500145145001451450014514500145145001451450014514500145145001451450014514500145145001451450014514500145145001451450014514500145145001451450014514500145145001451450014514500145145001451450014514500145145001451450014514500145145001451450014514500145145007FFFD9, 'Myrna (Vanessa) Dorado', 1, '2023-07-11 17:45:51');

-- ----------------------------
-- Table structure for user_trail_001
-- ----------------------------
DROP TABLE IF EXISTS `user_trail_001`;
CREATE TABLE `user_trail_001`  (
  `trailid` bigint(50) UNSIGNED NOT NULL AUTO_INCREMENT,
  `userid` int(20) NULL DEFAULT NULL,
  `trans` varchar(255) CHARACTER SET latin1 COLLATE latin1_swedish_ci NULL DEFAULT NULL,
  `dsaved` date NULL DEFAULT NULL,
  `dtmp` timestamp(0) NULL DEFAULT CURRENT_TIMESTAMP ON UPDATE CURRENT_TIMESTAMP(0),
  PRIMARY KEY (`trailid`) USING BTREE
) ENGINE = MyISAM AUTO_INCREMENT = 3 CHARACTER SET = latin1 COLLATE = latin1_swedish_ci ROW_FORMAT = Dynamic;

-- ----------------------------
-- Records of user_trail_001
-- ----------------------------
INSERT INTO `user_trail_001` VALUES (1, 1, 'User login successful user: admin password: admin', '2023-07-11', '2023-07-11 19:09:21');
INSERT INTO `user_trail_001` VALUES (2, 1, 'User login successful user: admin password: admin', '2023-07-11', '2023-07-11 19:09:27');

-- ----------------------------
-- Table structure for users_001
-- ----------------------------
DROP TABLE IF EXISTS `users_001`;
CREATE TABLE `users_001`  (
  `userid` int(20) UNSIGNED NOT NULL AUTO_INCREMENT,
  `usernem` varchar(100) CHARACTER SET latin1 COLLATE latin1_swedish_ci NULL DEFAULT NULL,
  `pwd` varchar(100) CHARACTER SET latin1 COLLATE latin1_swedish_ci NULL DEFAULT NULL,
  `usertyp` varchar(1) CHARACTER SET latin1 COLLATE latin1_swedish_ci NOT NULL COMMENT '\'A-Admin\', \'R-Regular User\', \'V-Viewer\'',
  `cinitial` varchar(255) CHARACTER SET latin1 COLLATE latin1_swedish_ci NULL DEFAULT NULL,
  `cpname` varchar(150) CHARACTER SET latin1 COLLATE latin1_swedish_ci NULL DEFAULT NULL,
  `c_user` varchar(150) CHARACTER SET latin1 COLLATE latin1_swedish_ci NULL DEFAULT NULL,
  `dsaved` date NULL DEFAULT NULL,
  `dtime` time(0) NULL DEFAULT NULL,
  `dupd` date NULL DEFAULT NULL,
  `dupdt` time(0) NULL DEFAULT NULL,
  `upermit` varchar(5) CHARACTER SET latin1 COLLATE latin1_swedish_ci NULL DEFAULT NULL,
  `usertouch` int(10) NULL DEFAULT NULL,
  `dtmp` timestamp(0) NULL DEFAULT CURRENT_TIMESTAMP ON UPDATE CURRENT_TIMESTAMP(0),
  PRIMARY KEY (`userid`, `usertyp`) USING BTREE
) ENGINE = MyISAM AUTO_INCREMENT = 3 CHARACTER SET = latin1 COLLATE = latin1_swedish_ci ROW_FORMAT = Dynamic;

-- ----------------------------
-- Records of users_001
-- ----------------------------
INSERT INTO `users_001` VALUES (1, 'admin', 'blD75bdESH29T4ysH+k+FA==', 'A', 'Administrator', 'ADMIN', 'ADMIN', '2022-01-17', '10:06:21', NULL, NULL, NULL, NULL, '2022-01-17 10:33:37');
INSERT INTO `users_001` VALUES (2, 'koks', '+CE6RwyQd6+gJ/3FKkZabg==', 'S', 'koks', 'kokoy', NULL, '2022-01-17', '06:14:29', NULL, NULL, NULL, NULL, '2022-01-17 18:14:29');

-- ----------------------------
-- Table structure for visitor_passes001
-- ----------------------------
DROP TABLE IF EXISTS `visitor_passes001`;
CREATE TABLE `visitor_passes001`  (
  `vispassid` bigint(10) NOT NULL AUTO_INCREMENT,
  `vispasscode` varchar(15) CHARACTER SET latin1 COLLATE latin1_swedish_ci NULL DEFAULT NULL,
  `vi_trava` varchar(255) CHARACTER SET latin1 COLLATE latin1_swedish_ci NULL DEFAULT NULL,
  `vi_noop` int(5) NULL DEFAULT NULL,
  `vi_apa` varchar(200) CHARACTER SET latin1 COLLATE latin1_swedish_ci NULL DEFAULT NULL,
  `vi_inc` varchar(200) CHARACTER SET latin1 COLLATE latin1_swedish_ci NULL DEFAULT NULL,
  `vi_chkin` date NULL DEFAULT NULL,
  `vi_chkout` date NULL DEFAULT NULL,
  `vi_date` date NULL DEFAULT NULL,
  `dtmp` timestamp(0) NULL DEFAULT CURRENT_TIMESTAMP ON UPDATE CURRENT_TIMESTAMP(0),
  PRIMARY KEY (`vispassid`) USING BTREE
) ENGINE = InnoDB AUTO_INCREMENT = 29 CHARACTER SET = latin1 COLLATE = latin1_swedish_ci ROW_FORMAT = Compact;

-- ----------------------------
-- Records of visitor_passes001
-- ----------------------------
INSERT INTO `visitor_passes001` VALUES (1, '12321asds', 'TEST', NULL, 'TEST1', 'TEST2', NULL, NULL, NULL, '2023-07-11 09:09:20');
INSERT INTO `visitor_passes001` VALUES (2, '12321asds2', 'JON', NULL, 'TEST3', 'TEST4', NULL, NULL, NULL, '2023-07-11 09:23:34');
INSERT INTO `visitor_passes001` VALUES (3, '12321asdsq', 'PASS', NULL, 'TEST7', 'TEST8', NULL, NULL, NULL, '2023-07-11 09:23:32');
INSERT INTO `visitor_passes001` VALUES (5, 'K4Oju2326', 'Handum', 3, 'Studio', 'Accomodation Only', '2023-07-11', '2023-07-11', '2023-07-11', '2023-07-11 11:34:49');
INSERT INTO `visitor_passes001` VALUES (6, '2VyYa2356', 'Handum', 3, 'Studio', 'Accomodation Only', '2023-07-11', '2023-07-11', '2023-07-11', '2023-07-11 11:36:59');
INSERT INTO `visitor_passes001` VALUES (7, '2VyYa2356', 'Handum', 3, 'Studio', 'Accomodation Only', '2023-07-11', '2023-07-11', '2023-07-11', '2023-07-11 11:39:01');
INSERT INTO `visitor_passes001` VALUES (8, 'ud1wv2337', 'Handum2', 2, 'Studio', 'Rooms with Breakfast', '2023-07-24', '2023-07-31', '2023-07-11', '2023-07-11 11:44:18');
INSERT INTO `visitor_passes001` VALUES (9, 'KvpQU2342', 'Ozami', 1, 'Studio', 'Rooms with Breakfast', '2023-07-11', '2023-07-11', '2023-07-11', '2023-07-11 11:45:46');
INSERT INTO `visitor_passes001` VALUES (10, 'YbA6D2340', 'TEST', 2, 'TEST1', 'TEST2', '2023-08-01', '2023-08-05', '2023-07-11', '2023-07-11 16:27:40');
INSERT INTO `visitor_passes001` VALUES (11, 'pVgPr2307', 'TEST', 2, 'TEST1', 'TEST4', '2023-07-12', '2023-07-15', '2023-07-11', '2023-07-11 16:31:07');
INSERT INTO `visitor_passes001` VALUES (12, 'xlMDb2356', 'TEST', 2, 'Studio', 'Accomodation Only', '2023-07-12', '2023-07-15', '2023-07-11', '2023-07-11 16:33:56');
INSERT INTO `visitor_passes001` VALUES (13, 'iTzRm2338', 'AGENCY 101', 2, 'studio', 'tEST2', '2023-07-12', '2023-07-15', '2023-07-11', '2023-07-11 16:37:38');
INSERT INTO `visitor_passes001` VALUES (14, 'vECqb2348', 'AGENCY 101', 2, 'studio', 'Accomodation Only', '2023-07-12', '2023-07-15', '2023-07-11', '2023-07-11 16:41:49');
INSERT INTO `visitor_passes001` VALUES (15, 'yPt4c2305', 'TEST', 2, 'Studio', 'accomodation Only', '2023-07-11', '2023-07-15', '2023-07-11', '2023-07-11 16:47:05');
INSERT INTO `visitor_passes001` VALUES (16, '7dgGw2338', 'AGENCY 101', 2, 'studio', 'Accomodation Only', '2023-07-11', '2023-07-15', '2023-07-11', '2023-07-11 16:48:38');
INSERT INTO `visitor_passes001` VALUES (17, '3Ve362302', 'AGENCY 101', 2, 'studio', 'Accomodation Only', '2023-07-11', '2023-07-11', '2023-07-11', '2023-07-11 16:54:02');
INSERT INTO `visitor_passes001` VALUES (18, 'H2wwc2318', 'AGENCY 101', 2, 'tEST1', 'tEST2', '2023-07-11', '2023-07-11', '2023-07-11', '2023-07-11 16:55:18');
INSERT INTO `visitor_passes001` VALUES (19, 'LDEut2312', 'AGENCY 101', 2, 'TEST1', 'TEST2', '2023-07-11', '2023-07-11', '2023-07-11', '2023-07-11 16:59:12');
INSERT INTO `visitor_passes001` VALUES (20, 'mfU1j2343', 'AGENCY 101', 2, 'studio', 'Accomodation Only', '2023-07-11', '2023-07-12', '2023-07-11', '2023-07-11 17:03:43');
INSERT INTO `visitor_passes001` VALUES (21, 'DybJv2326', 'AGENCY 101', 2, 'tEST1', 'Accomodation Only', '2023-07-11', '2023-07-11', '2023-07-11', '2023-07-11 17:19:26');
INSERT INTO `visitor_passes001` VALUES (22, 'tP6qK2358', 'AGENCY 101', 2, 'studio', 'Accomodation Only', '2023-07-11', '2023-07-11', '2023-07-11', '2023-07-11 17:22:59');
INSERT INTO `visitor_passes001` VALUES (23, 'zjhPE2356', 'AGENCY 101', 2, 'Studio', 'Accomodation Only', '2023-07-11', '2023-07-11', '2023-07-11', '2023-07-11 17:47:56');
INSERT INTO `visitor_passes001` VALUES (24, '8ytZl2328', 'AGENCY 101', 2, 'Studio', 'Accomodation Only', '2023-07-12', '2023-07-13', '2023-07-11', '2023-07-11 17:56:28');
INSERT INTO `visitor_passes001` VALUES (25, 'b2mfh2354', 'AGENCY 101', 2, 'Studio', 'Accomodation Only', '2023-07-11', '2023-07-12', '2023-07-11', '2023-07-11 18:06:54');
INSERT INTO `visitor_passes001` VALUES (26, 'AxkwO2307', 'AGENCY 101', 1, 'Studio', 'Accomodation Only', '2023-07-11', '2023-07-12', '2023-07-11', '2023-07-11 18:13:07');
INSERT INTO `visitor_passes001` VALUES (27, 'H187b2330', 'AGENCY 101', 10, 'TEST1', 'accomodation Only', '2023-07-11', '2023-07-12', '2023-07-11', '2023-07-11 18:18:30');
INSERT INTO `visitor_passes001` VALUES (28, 'Y7hq12301', 'AGENCY 101', 2, 'teST1', 'Accomodation Only', '2023-07-11', '2023-07-12', '2023-07-11', '2023-07-11 18:44:01');

-- ----------------------------
-- Table structure for vistab_001
-- ----------------------------
DROP TABLE IF EXISTS `vistab_001`;
CREATE TABLE `vistab_001`  (
  `visid` bigint(50) NOT NULL AUTO_INCREMENT,
  `vispassid` varchar(10) CHARACTER SET latin1 COLLATE latin1_swedish_ci NULL DEFAULT NULL,
  `viscpname` text CHARACTER SET latin1 COLLATE latin1_swedish_ci NULL,
  `vislname` varchar(200) CHARACTER SET latin1 COLLATE latin1_swedish_ci NULL DEFAULT NULL,
  `visfname` varchar(150) CHARACTER SET latin1 COLLATE latin1_swedish_ci NULL DEFAULT NULL,
  `vsmi` varchar(150) CHARACTER SET latin1 COLLATE latin1_swedish_ci NULL DEFAULT NULL,
  `bdate` date NULL DEFAULT NULL,
  `visctno` varchar(11) CHARACTER SET latin1 COLLATE latin1_swedish_ci NULL DEFAULT NULL,
  `visnat` varchar(150) CHARACTER SET latin1 COLLATE latin1_swedish_ci NULL DEFAULT NULL,
  `dtmp` timestamp(0) NULL DEFAULT CURRENT_TIMESTAMP ON UPDATE CURRENT_TIMESTAMP(0),
  PRIMARY KEY (`visid`) USING BTREE
) ENGINE = InnoDB AUTO_INCREMENT = 52 CHARACTER SET = latin1 COLLATE = latin1_swedish_ci ROW_FORMAT = Compact;

-- ----------------------------
-- Records of vistab_001
-- ----------------------------
INSERT INTO `vistab_001` VALUES (1, '1', 'test', NULL, NULL, NULL, NULL, '09225526', 'DUAL', '2023-07-11 10:21:37');
INSERT INTO `vistab_001` VALUES (2, '2', 'wat', NULL, NULL, NULL, NULL, '0962256', 'FILIPINO', '2023-07-11 10:21:40');
INSERT INTO `vistab_001` VALUES (3, '3', 'one', NULL, NULL, NULL, NULL, '066235659', 'AMERICAN0', '2023-07-11 10:21:43');
INSERT INTO `vistab_001` VALUES (4, '7', 'JONRY', NULL, NULL, NULL, NULL, '09258585885', 'BRITISH', '2023-07-11 11:39:21');
INSERT INTO `vistab_001` VALUES (5, '7', 'DONDON', NULL, NULL, NULL, NULL, '09399265662', 'FINNISH', '2023-07-11 11:39:22');
INSERT INTO `vistab_001` VALUES (6, '8', 'ALCANO, JONRY', NULL, NULL, NULL, NULL, '02923930320', 'SMALLISH', '2023-07-11 11:44:24');
INSERT INTO `vistab_001` VALUES (7, '8', 'BOLANIO, JONARD', NULL, NULL, NULL, NULL, '09225526', 'SMALLISH', '2023-07-11 11:44:25');
INSERT INTO `vistab_001` VALUES (8, '9', 'DONNEGER', NULL, NULL, NULL, NULL, '02929292029', 'GAGISH', '2023-07-11 11:45:46');
INSERT INTO `vistab_001` VALUES (9, '11', 'YOLDAN, ALBERTO', NULL, NULL, NULL, NULL, '09283366361', 'FILIPINO', '2023-07-11 16:31:07');
INSERT INTO `vistab_001` VALUES (10, '11', 'ALCANO, JONRY', NULL, NULL, NULL, NULL, '09081031055', 'SMALLISH', '2023-07-11 16:31:07');
INSERT INTO `vistab_001` VALUES (11, '12', 'YOLDAN, ALBERTO', NULL, NULL, NULL, NULL, '09283366361', 'BIGGISH', '2023-07-11 16:33:56');
INSERT INTO `vistab_001` VALUES (12, '12', 'ALCANO, JONRY', NULL, NULL, NULL, NULL, '09081031055', 'SMALLISH', '2023-07-11 16:33:56');
INSERT INTO `vistab_001` VALUES (13, '13', 'YOLDAN, ALBERTO', NULL, NULL, NULL, NULL, '09283366361', 'BIGGISH', '2023-07-11 16:37:38');
INSERT INTO `vistab_001` VALUES (14, '13', 'ALCANO, JONRY', NULL, NULL, NULL, NULL, '09081031055', 'SMALLISH', '2023-07-11 16:37:38');
INSERT INTO `vistab_001` VALUES (15, '14', 'YOLDAN, ALBERTO', NULL, NULL, NULL, NULL, '02929292029', 'BIGGISH', '2023-07-11 16:41:49');
INSERT INTO `vistab_001` VALUES (16, '14', 'ALCANO, JONRY', NULL, NULL, NULL, NULL, '09081031055', 'SMALLISH', '2023-07-11 16:41:49');
INSERT INTO `vistab_001` VALUES (17, '15', 'YOLDAN, ALBERTO', NULL, NULL, NULL, NULL, '09081031055', 'FILIPINO', '2023-07-11 16:47:05');
INSERT INTO `vistab_001` VALUES (18, '15', 'ALCANO, JONRY', NULL, NULL, NULL, NULL, '09081031055', 'SMALLISH', '2023-07-11 16:47:05');
INSERT INTO `vistab_001` VALUES (19, '16', 'YOLDAN, ALBERTO', NULL, NULL, NULL, NULL, '09081031055', 'FILIPINO', '2023-07-11 16:48:38');
INSERT INTO `vistab_001` VALUES (20, '16', 'ALCANO, JONRY', NULL, NULL, NULL, NULL, '09081031055', 'FILIPINO', '2023-07-11 16:48:38');
INSERT INTO `vistab_001` VALUES (21, '17', 'YOLDAN, ALBERTO', NULL, NULL, NULL, NULL, '02923930320', 'FILIPINO', '2023-07-11 16:54:02');
INSERT INTO `vistab_001` VALUES (22, '17', 'ALCANO, JONRY', NULL, NULL, NULL, NULL, '02929292029', 'SMALLISH', '2023-07-11 16:54:02');
INSERT INTO `vistab_001` VALUES (23, '18', 'YOLDAN, ALBERTO', NULL, NULL, NULL, NULL, '09225526', 'AMERICAN0', '2023-07-11 16:55:19');
INSERT INTO `vistab_001` VALUES (24, '18', 'ALCANO, JO', NULL, NULL, NULL, NULL, '09202020202', 'SMALLISH', '2023-07-11 16:55:19');
INSERT INTO `vistab_001` VALUES (25, '19', 'YOLDAN, ALBERTO', NULL, NULL, NULL, NULL, '09081031055', 'FILIPINO', '2023-07-11 16:59:12');
INSERT INTO `vistab_001` VALUES (26, '19', 'ALCANO, JO', NULL, NULL, NULL, NULL, '09081031055', 'SMALLISH', '2023-07-11 16:59:12');
INSERT INTO `vistab_001` VALUES (27, '20', 'YOLDAN, ALBERTO', NULL, NULL, NULL, NULL, '02923930320', 'FILIPINO', '2023-07-11 17:03:43');
INSERT INTO `vistab_001` VALUES (28, '20', 'ALCANO, JO', NULL, NULL, NULL, NULL, '09081031055', 'SMALLISH', '2023-07-11 17:03:43');
INSERT INTO `vistab_001` VALUES (29, '21', 'YOLDAN, ALBERTO', NULL, NULL, NULL, NULL, '09081031055', 'FILIPINO', '2023-07-11 17:19:26');
INSERT INTO `vistab_001` VALUES (30, '21', 'ALCANO, JO', NULL, NULL, NULL, NULL, '02923930320', 'SMALLISH', '2023-07-11 17:19:26');
INSERT INTO `vistab_001` VALUES (31, '22', 'YOLDAN, ALBERTO', NULL, NULL, NULL, NULL, '02923930320', 'FILIPINO', '2023-07-11 17:22:59');
INSERT INTO `vistab_001` VALUES (32, '22', 'ALCANO, JO', NULL, NULL, NULL, NULL, '09081031055', 'SMALLISH', '2023-07-11 17:22:59');
INSERT INTO `vistab_001` VALUES (33, '23', 'YOLDAN, ALBERTO', NULL, NULL, NULL, NULL, '09081031055', 'BIGGISH', '2023-07-11 17:47:56');
INSERT INTO `vistab_001` VALUES (34, '23', 'ALCANO, JO', NULL, NULL, NULL, NULL, '09081031055', 'SMALLISH', '2023-07-11 17:47:56');
INSERT INTO `vistab_001` VALUES (35, '24', 'YOLDAN, ALBERTO', NULL, NULL, NULL, NULL, '09081031055', 'BIGGISH', '2023-07-11 17:56:28');
INSERT INTO `vistab_001` VALUES (36, '24', 'ALCANO, JO', NULL, NULL, NULL, NULL, '09081031055', 'SMALLISH', '2023-07-11 17:56:28');
INSERT INTO `vistab_001` VALUES (37, '25', 'YOLDAN, ALBERTO', NULL, NULL, NULL, NULL, '02923930320', 'FILIPINO', '2023-07-11 18:06:54');
INSERT INTO `vistab_001` VALUES (38, '25', 'ALCANO, JO', NULL, NULL, NULL, NULL, '09081031055', 'SMALLISH', '2023-07-11 18:06:54');
INSERT INTO `vistab_001` VALUES (39, '26', 'YOLDAN, ALBERTO', NULL, NULL, NULL, NULL, '09283366361', 'SMALLISH', '2023-07-11 18:13:07');
INSERT INTO `vistab_001` VALUES (40, '27', 'YOLDAN, ALBERTO', NULL, NULL, NULL, NULL, '02923930320', 'FILIPINO', '2023-07-11 18:18:31');
INSERT INTO `vistab_001` VALUES (41, '27', 'ALCANO, JO', NULL, NULL, NULL, NULL, '02929292029', 'FINNISH', '2023-07-11 18:18:31');
INSERT INTO `vistab_001` VALUES (42, '27', 'ALCANO, JONRY', NULL, NULL, NULL, NULL, '09081031055', 'AMERICAN0', '2023-07-11 18:18:32');
INSERT INTO `vistab_001` VALUES (43, '27', 'TEST', NULL, NULL, NULL, NULL, '09202020202', 'BIGGISH', '2023-07-11 18:18:32');
INSERT INTO `vistab_001` VALUES (44, '27', 'WAT', NULL, NULL, NULL, NULL, '0012302103', 'BRITISH', '2023-07-11 18:18:32');
INSERT INTO `vistab_001` VALUES (45, '27', 'ONE', NULL, NULL, NULL, NULL, '01230123012', 'SMALLISH', '2023-07-11 18:18:32');
INSERT INTO `vistab_001` VALUES (46, '27', 'TEST2', NULL, NULL, NULL, NULL, '01230123021', 'JAPONES', '2023-07-11 18:18:32');
INSERT INTO `vistab_001` VALUES (47, '27', 'YOO', NULL, NULL, NULL, NULL, '092928922', 'BUNTAGNES', '2023-07-11 18:18:32');
INSERT INTO `vistab_001` VALUES (48, '27', 'LIN', NULL, NULL, NULL, NULL, '092929222', 'JOLLIBEES', '2023-07-11 18:18:32');
INSERT INTO `vistab_001` VALUES (49, '27', 'DA', NULL, NULL, NULL, NULL, '09292929222', 'MCDONES', '2023-07-11 18:18:32');
INSERT INTO `vistab_001` VALUES (50, '28', 'YOLDAN, ALBERTO', NULL, NULL, NULL, NULL, '0012302103', 'FILIPINO', '2023-07-11 18:44:02');
INSERT INTO `vistab_001` VALUES (51, '28', 'ALCANO, JO', NULL, NULL, NULL, NULL, '02923930320', 'FINNISH', '2023-07-11 18:44:02');

SET FOREIGN_KEY_CHECKS = 1;
