﻿<?xml version="1.0"?>
<doc>
<assembly>
<name>
MUBuildingSchedViewer
</name>
</assembly>
<members>
<member name="T:MUBuildingSchedViewer.DataSet1.tvdetDataTable">
	<summary>
Represents the strongly named DataTable class.
</summary>
</member><member name="T:MUBuildingSchedViewer.DataSet1.tvhedDataTable">
	<summary>
Represents the strongly named DataTable class.
</summary>
</member><member name="T:MUBuildingSchedViewer.DataSet1.tvdetRow">
	<summary>
Represents strongly named DataRow class.
</summary>
</member><member name="T:MUBuildingSchedViewer.DataSet1.tvhedRow">
	<summary>
Represents strongly named DataRow class.
</summary>
</member><member name="T:MUBuildingSchedViewer.DataSet1.tvdetRowChangeEvent">
	<summary>
Row event argument class
</summary>
</member><member name="T:MUBuildingSchedViewer.DataSet1.tvhedRowChangeEvent">
	<summary>
Row event argument class
</summary>
</member><member name="T:MUBuildingSchedViewer.DataSet1">
	<summary>
Represents a strongly typed in-memory cache of data.
</summary>
</member><member name="P:MUBuildingSchedViewer.My.Resources.Resources.ResourceManager">
	<summary>
  Returns the cached ResourceManager instance used by this class.
</summary>
</member><member name="P:MUBuildingSchedViewer.My.Resources.Resources.Culture">
	<summary>
  Overrides the current thread's CurrentUICulture property for all
  resource lookups using this strongly typed resource class.
</summary>
</member><member name="P:MUBuildingSchedViewer.My.Resources.Resources.check_green">
	<summary>
  Looks up a localized resource of type System.Drawing.Bitmap.
</summary>
</member><member name="P:MUBuildingSchedViewer.My.Resources.Resources.check_green_3">
	<summary>
  Looks up a localized resource of type System.Drawing.Bitmap.
</summary>
</member><member name="P:MUBuildingSchedViewer.My.Resources.Resources.check_green_steady">
	<summary>
  Looks up a localized resource of type System.Drawing.Bitmap.
</summary>
</member><member name="P:MUBuildingSchedViewer.My.Resources.Resources.check_green2">
	<summary>
  Looks up a localized resource of type System.Drawing.Bitmap.
</summary>
</member><member name="P:MUBuildingSchedViewer.My.Resources.Resources.check_green3_steady">
	<summary>
  Looks up a localized resource of type System.Drawing.Bitmap.
</summary>
</member><member name="P:MUBuildingSchedViewer.My.Resources.Resources.icons8_business_documentation_24">
	<summary>
  Looks up a localized resource of type System.Drawing.Bitmap.
</summary>
</member><member name="P:MUBuildingSchedViewer.My.Resources.Resources.info">
	<summary>
  Looks up a localized resource of type System.Drawing.Bitmap.
</summary>
</member><member name="P:MUBuildingSchedViewer.My.Resources.Resources.updatenow">
	<summary>
  Looks up a localized resource of type System.Drawing.Bitmap.
</summary>
</member><member name="P:MUBuildingSchedViewer.My.Resources.Resources.updatenow2">
	<summary>
  Looks up a localized resource of type System.Drawing.Bitmap.
</summary>
</member><member name="T:MUBuildingSchedViewer.My.Resources.Resources">
	<summary>
  A strongly-typed resource class, for looking up localized strings, etc.
</summary>
</member>
</members>
</doc>