﻿<?xml version="1.0"?>
<doc>
<assembly>
<name>
UpdateManager
</name>
</assembly>
<members>
<member name="P:UpdateManager.My.Resources.Resources.ResourceManager">
	<summary>
  Returns the cached ResourceManager instance used by this class.
</summary>
</member><member name="P:UpdateManager.My.Resources.Resources.Culture">
	<summary>
  Overrides the current thread's CurrentUICulture property for all
  resource lookups using this strongly typed resource class.
</summary>
</member><member name="P:UpdateManager.My.Resources.Resources.app">
	<summary>
  Looks up a localized resource of type System.Drawing.Bitmap.
</summary>
</member><member name="P:UpdateManager.My.Resources.Resources.mvw_korem">
	<summary>
  Looks up a localized resource of type System.Drawing.Bitmap.
</summary>
</member><member name="P:UpdateManager.My.Resources.Resources.upperborder">
	<summary>
  Looks up a localized resource of type System.Drawing.Bitmap.
</summary>
</member><member name="T:UpdateManager.My.Resources.Resources">
	<summary>
  A strongly-typed resource class, for looking up localized strings, etc.
</summary>
</member>
</members>
</doc>